hap_cluster	pop	hap_id	CYP6P4_nonsyn
0	BFS	AB0085-Ca	0
0	BFS	AB0085-Cb	0
1	BFM	AB0087-Ca	0
1	BFM	AB0087-Cb	0
2	BFM	AB0088-Ca	0
2	BFM	AB0088-Cb	0
3	BFM	AB0089-Ca	0
4	BFM	AB0089-Cb	0
2	BFM	AB0090-Ca	0
1	BFM	AB0090-Cb	0
2	BFM	AB0091-Ca	0
1	BFM	AB0091-Cb	0
5	BFM	AB0092-Ca	0
6	BFM	AB0092-Cb	0
7	BFM	AB0094-Ca	0
8	BFM	AB0094-Cb	0
9	BFM	AB0095-Ca	0
10	BFM	AB0095-Cb	0
1	BFM	AB0097-Ca	0
11	BFM	AB0097-Cb	0
12	BFM	AB0098-Ca	0
13	BFM	AB0098-Cb	0
2	BFM	AB0099-Ca	0
1	BFM	AB0099-Cb	0
1	BFM	AB0100-Ca	0
2	BFM	AB0100-Cb	0
14	BFM	AB0101-Ca	0
15	BFM	AB0101-Cb	0
16	BFS	AB0103-Ca	0
17	BFS	AB0103-Cb	0
18	BFS	AB0104-Ca	0
19	BFS	AB0104-Cb	0
20	BFM	AB0109-Ca	0
2	BFM	AB0109-Cb	0
21	BFM	AB0110-Ca	0
8	BFM	AB0110-Cb	0
1	BFM	AB0111-Ca	0
1	BFM	AB0111-Cb	0
2	BFM	AB0112-Ca	0
15	BFM	AB0112-Cb	0
22	BFM	AB0113-Ca	0
23	BFM	AB0113-Cb	0
2	BFM	AB0114-Ca	0
24	BFM	AB0114-Cb	0
25	BFS	AB0117-Ca	0
0	BFS	AB0117-Cb	0
26	BFS	AB0119-Ca	0
27	BFS	AB0119-Cb	0
1	BFM	AB0122-Ca	0
1	BFM	AB0122-Cb	0
2	BFM	AB0123-Ca	0
1	BFM	AB0123-Cb	0
14	BFM	AB0124-Ca	0
2	BFM	AB0124-Cb	0
28	BFS	AB0126-Ca	0
28	BFS	AB0126-Cb	0
29	BFS	AB0127-Ca	0
0	BFS	AB0127-Cb	0
30	BFS	AB0128-Ca	0
28	BFS	AB0128-Cb	0
0	BFS	AB0129-Ca	0
0	BFS	AB0129-Cb	0
0	BFS	AB0130-Ca	0
31	BFS	AB0130-Cb	0
0	BFS	AB0133-Ca	0
28	BFS	AB0133-Cb	0
32	BFS	AB0134-Ca	0
0	BFS	AB0134-Cb	0
33	BFS	AB0135-Ca	0
34	BFS	AB0135-Cb	0
0	BFS	AB0136-Ca	0
35	BFS	AB0136-Cb	0
2	BFM	AB0137-Ca	0
23	BFM	AB0137-Cb	0
1	BFM	AB0138-Ca	0
36	BFM	AB0138-Cb	0
37	BFM	AB0139-Ca	0
1	BFM	AB0139-Cb	0
2	BFM	AB0140-Ca	0
2	BFM	AB0140-Cb	0
2	BFM	AB0142-Ca	0
2	BFM	AB0142-Cb	0
38	BFS	AB0143-Ca	0
38	BFS	AB0143-Cb	0
38	BFS	AB0145-Ca	0
0	BFS	AB0145-Cb	0
0	BFS	AB0146-Ca	0
0	BFS	AB0146-Cb	0
28	BFS	AB0147-Ca	0
28	BFS	AB0147-Cb	0
0	BFS	AB0148-Ca	0
39	BFS	AB0148-Cb	0
28	BFS	AB0151-Ca	0
0	BFS	AB0151-Cb	0
40	BFS	AB0153-Ca	0
41	BFS	AB0153-Cb	0
38	BFS	AB0155-Ca	0
38	BFS	AB0155-Cb	0
30	BFS	AB0157-Ca	0
28	BFS	AB0157-Cb	0
28	BFS	AB0158-Ca	0
0	BFS	AB0158-Cb	0
42	BFS	AB0159-Ca	0
43	BFS	AB0159-Cb	0
44	BFS	AB0160-Ca	0
45	BFS	AB0160-Cb	0
28	BFS	AB0161-Ca	0
46	BFS	AB0161-Cb	0
47	BFS	AB0164-Ca	0
48	BFS	AB0164-Cb	0
0	BFS	AB0166-Ca	0
49	BFS	AB0166-Cb	0
50	BFS	AB0169-Ca	0
51	BFS	AB0169-Cb	0
38	BFS	AB0170-Ca	0
0	BFS	AB0170-Cb	0
0	BFS	AB0171-Ca	0
0	BFS	AB0171-Cb	0
0	BFS	AB0172-Ca	0
52	BFS	AB0172-Cb	0
0	BFS	AB0173-Ca	0
53	BFS	AB0173-Cb	0
28	BFS	AB0174-Ca	0
0	BFS	AB0174-Cb	0
0	BFS	AB0175-Ca	0
35	BFS	AB0175-Cb	0
54	BFS	AB0176-Ca	0
0	BFS	AB0176-Cb	0
0	BFS	AB0177-Ca	0
35	BFS	AB0177-Cb	0
28	BFS	AB0178-Ca	0
0	BFS	AB0178-Cb	0
55	BFS	AB0179-Ca	0
56	BFS	AB0179-Cb	0
2	BFM	AB0181-Ca	0
1	BFM	AB0181-Cb	0
2	BFM	AB0182-Ca	0
37	BFM	AB0182-Cb	0
2	BFM	AB0183-Ca	0
57	BFM	AB0183-Cb	0
2	BFM	AB0184-Ca	0
15	BFM	AB0184-Cb	0
2	BFM	AB0185-Ca	0
58	BFM	AB0185-Cb	0
2	BFM	AB0186-Ca	0
23	BFM	AB0186-Cb	0
15	BFM	AB0187-Ca	0
1	BFM	AB0187-Cb	0
21	BFM	AB0188-Ca	0
59	BFM	AB0188-Cb	0
58	BFM	AB0189-Ca	0
2	BFM	AB0189-Cb	0
1	BFM	AB0190-Ca	0
1	BFM	AB0190-Cb	0
60	BFM	AB0191-Ca	0
1	BFM	AB0191-Cb	0
61	BFM	AB0192-Ca	0
1	BFM	AB0192-Cb	0
0	BFS	AB0197-Ca	0
0	BFS	AB0197-Cb	0
35	BFS	AB0198-Ca	0
38	BFS	AB0198-Cb	0
62	BFS	AB0199-Ca	0
28	BFS	AB0199-Cb	0
0	BFS	AB0201-Ca	0
28	BFS	AB0201-Cb	0
38	BFS	AB0202-Ca	0
0	BFS	AB0202-Cb	0
63	BFS	AB0203-Ca	0
64	BFS	AB0203-Cb	0
1	BFM	AB0204-Ca	0
2	BFM	AB0204-Cb	0
38	BFS	AB0205-Ca	0
28	BFS	AB0205-Cb	0
55	BFS	AB0206-Ca	0
56	BFS	AB0206-Cb	0
38	BFS	AB0207-Ca	0
65	BFS	AB0207-Cb	0
38	BFS	AB0208-Ca	0
0	BFS	AB0208-Cb	0
66	BFM	AB0209-Ca	0
2	BFM	AB0209-Cb	0
2	BFM	AB0210-Ca	0
2	BFM	AB0210-Cb	0
28	BFS	AB0211-Ca	0
67	BFS	AB0211-Cb	0
2	BFM	AB0212-Ca	0
2	BFM	AB0212-Cb	0
1	BFM	AB0213-Ca	0
1	BFM	AB0213-Cb	0
0	BFS	AB0217-Ca	0
0	BFS	AB0217-Cb	0
14	BFM	AB0219-Ca	0
1	BFM	AB0219-Cb	0
2	BFM	AB0221-Ca	0
68	BFM	AB0221-Cb	0
1	BFM	AB0222-Ca	0
69	BFM	AB0222-Cb	0
1	BFM	AB0223-Ca	0
36	BFM	AB0223-Cb	0
36	BFM	AB0224-Ca	0
2	BFM	AB0224-Cb	0
70	BFM	AB0226-Ca	0
2	BFM	AB0226-Cb	0
68	BFM	AB0227-Ca	0
71	BFM	AB0227-Cb	0
0	BFS	AB0228-Ca	0
72	BFS	AB0228-Cb	0
73	BFM	AB0229-Ca	0
1	BFM	AB0229-Cb	0
74	BFS	AB0231-Ca	0
28	BFS	AB0231-Cb	0
28	BFS	AB0233-Ca	0
75	BFS	AB0233-Cb	0
1	BFM	AB0234-Ca	0
1	BFM	AB0234-Cb	0
0	BFS	AB0235-Ca	0
38	BFS	AB0235-Cb	0
76	BFS	AB0236-Ca	0
77	BFS	AB0236-Cb	0
2	BFM	AB0237-Ca	0
1	BFM	AB0237-Cb	0
38	BFS	AB0238-Ca	0
0	BFS	AB0238-Cb	0
0	BFS	AB0239-Ca	0
38	BFS	AB0239-Cb	0
2	BFM	AB0240-Ca	0
2	BFM	AB0240-Cb	0
38	BFS	AB0241-Ca	0
38	BFS	AB0241-Cb	0
21	BFM	AB0242-Ca	0
14	BFM	AB0242-Cb	0
2	BFM	AB0243-Ca	0
1	BFM	AB0243-Cb	0
78	BFS	AB0244-Ca	0
0	BFS	AB0244-Cb	0
79	BFM	AB0246-Ca	0
80	BFM	AB0246-Cb	0
2	BFM	AB0249-Ca	0
2	BFM	AB0249-Cb	0
2	BFM	AB0250-Ca	0
1	BFM	AB0250-Cb	0
28	BFS	AB0251-Ca	0
28	BFS	AB0251-Cb	0
81	BFS	AB0252-Ca	0
82	BFS	AB0252-Cb	0
0	BFS	AB0253-Ca	0
38	BFS	AB0253-Cb	0
83	BFS	AB0256-Ca	0
0	BFS	AB0256-Cb	0
23	BFM	AB0257-Ca	0
84	BFM	AB0257-Cb	0
85	BFM	AB0258-Ca	0
86	BFM	AB0258-Cb	0
67	BFS	AB0260-Ca	0
87	BFS	AB0260-Cb	0
88	BFS	AB0261-Ca	0
0	BFS	AB0261-Cb	0
1	BFM	AB0262-Ca	0
89	BFM	AB0262-Cb	0
2	BFM	AB0263-Ca	0
23	BFM	AB0263-Cb	0
0	BFS	AB0264-Ca	0
90	BFS	AB0264-Cb	0
91	BFS	AB0265-Ca	0
92	BFS	AB0265-Cb	0
93	BFM	AB0266-Ca	0
94	BFM	AB0266-Cb	0
2	BFM	AB0267-Ca	0
2	BFM	AB0267-Cb	0
95	BFS	AB0268-Ca	0
96	BFS	AB0268-Cb	0
35	BFS	AB0270-Ca	0
38	BFS	AB0270-Cb	0
97	BFS	AB0271-Ca	0
98	BFS	AB0271-Cb	0
0	BFS	AB0272-Ca	0
0	BFS	AB0272-Cb	0
0	BFS	AB0273-Ca	0
38	BFS	AB0273-Cb	0
99	BFS	AB0274-Ca	0
100	BFS	AB0274-Cb	0
1	BFM	AB0276-Ca	0
2	BFM	AB0276-Cb	0
28	BFS	AB0277-Ca	0
38	BFS	AB0277-Cb	0
28	BFS	AB0278-Ca	0
35	BFS	AB0278-Cb	0
36	BFM	AB0279-Ca	0
1	BFM	AB0279-Cb	0
0	BFS	AB0280-Ca	0
101	BFS	AB0280-Cb	0
102	BFS	AB0281-Ca	0
0	BFS	AB0281-Cb	0
21	BFM	AB0282-Ca	0
2	BFM	AB0282-Cb	0
0	BFS	AB0283-Ca	0
0	BFS	AB0283-Cb	0
35	BFS	AB0284-Ca	0
28	BFS	AB0284-Cb	0
103	UGS	AC0090-Ca	1
103	UGS	AC0090-Cb	1
103	UGS	AC0091-Ca	1
103	UGS	AC0091-Cb	1
103	UGS	AC0092-Ca	1
103	UGS	AC0092-Cb	1
103	UGS	AC0093-Ca	1
104	UGS	AC0093-Cb	0
104	UGS	AC0094-Ca	0
103	UGS	AC0094-Cb	1
103	UGS	AC0095-Ca	1
103	UGS	AC0095-Cb	1
104	UGS	AC0096-Ca	0
103	UGS	AC0096-Cb	1
103	UGS	AC0097-Ca	1
105	UGS	AC0097-Cb	0
103	UGS	AC0098-Ca	1
103	UGS	AC0098-Cb	1
106	UGS	AC0099-Ca	1
107	UGS	AC0099-Cb	1
103	UGS	AC0100-Ca	1
103	UGS	AC0100-Cb	1
104	UGS	AC0101-Ca	0
103	UGS	AC0101-Cb	1
104	UGS	AC0102-Ca	0
103	UGS	AC0102-Cb	1
103	UGS	AC0103-Ca	1
103	UGS	AC0103-Cb	1
108	UGS	AC0104-Ca	0
103	UGS	AC0104-Cb	1
103	UGS	AC0106-Ca	1
104	UGS	AC0106-Cb	0
104	UGS	AC0107-Ca	0
103	UGS	AC0107-Cb	1
109	UGS	AC0108-Ca	1
103	UGS	AC0108-Cb	1
110	UGS	AC0109-Ca	0
104	UGS	AC0109-Cb	0
103	UGS	AC0110-Ca	1
103	UGS	AC0110-Cb	1
103	UGS	AC0111-Ca	1
104	UGS	AC0111-Cb	0
103	UGS	AC0112-Ca	1
111	UGS	AC0112-Cb	0
103	UGS	AC0113-Ca	1
112	UGS	AC0113-Cb	0
113	UGS	AC0114-Ca	0
103	UGS	AC0114-Cb	1
114	UGS	AC0115-Ca	0
103	UGS	AC0115-Cb	1
115	UGS	AC0116-Ca	1
116	UGS	AC0116-Cb	0
117	UGS	AC0117-Ca	0
118	UGS	AC0117-Cb	0
103	UGS	AC0118-Ca	1
104	UGS	AC0118-Cb	0
119	UGS	AC0119-Ca	0
103	UGS	AC0119-Cb	1
120	UGS	AC0120-Ca	1
121	UGS	AC0120-Cb	0
122	UGS	AC0121-Ca	1
103	UGS	AC0121-Cb	1
104	UGS	AC0122-Ca	0
123	UGS	AC0122-Cb	1
104	UGS	AC0123-Ca	0
122	UGS	AC0123-Cb	1
104	UGS	AC0124-Ca	0
103	UGS	AC0124-Cb	1
103	UGS	AC0125-Ca	1
103	UGS	AC0125-Cb	1
103	UGS	AC0126-Ca	1
103	UGS	AC0126-Cb	1
104	UGS	AC0127-Ca	0
124	UGS	AC0127-Cb	0
125	UGS	AC0128-Ca	1
103	UGS	AC0128-Cb	1
103	UGS	AC0129-Ca	1
104	UGS	AC0129-Cb	0
104	UGS	AC0130-Ca	0
126	UGS	AC0130-Cb	0
104	UGS	AC0131-Ca	0
103	UGS	AC0131-Cb	1
104	UGS	AC0132-Ca	0
103	UGS	AC0132-Cb	1
103	UGS	AC0133-Ca	1
111	UGS	AC0133-Cb	0
103	UGS	AC0135-Ca	1
127	UGS	AC0135-Cb	0
103	UGS	AC0136-Ca	1
103	UGS	AC0136-Cb	1
128	UGS	AC0137-Ca	0
129	UGS	AC0137-Cb	1
103	UGS	AC0138-Ca	1
103	UGS	AC0138-Cb	1
103	UGS	AC0139-Ca	1
103	UGS	AC0139-Cb	1
130	UGS	AC0140-Ca	0
103	UGS	AC0140-Cb	1
103	UGS	AC0142-Ca	1
103	UGS	AC0142-Cb	1
103	UGS	AC0143-Ca	1
103	UGS	AC0143-Cb	1
103	UGS	AC0144-Ca	1
103	UGS	AC0144-Cb	1
111	UGS	AC0145-Ca	0
103	UGS	AC0145-Cb	1
103	UGS	AC0147-Ca	1
104	UGS	AC0147-Cb	0
103	UGS	AC0148-Ca	1
103	UGS	AC0148-Cb	1
104	UGS	AC0149-Ca	0
103	UGS	AC0149-Cb	1
131	UGS	AC0150-Ca	0
132	UGS	AC0150-Cb	0
133	UGS	AC0151-Ca	0
134	UGS	AC0151-Cb	1
103	UGS	AC0152-Ca	1
124	UGS	AC0152-Cb	0
104	UGS	AC0153-Ca	0
103	UGS	AC0153-Cb	1
124	UGS	AC0154-Ca	0
104	UGS	AC0154-Cb	0
127	UGS	AC0156-Ca	0
103	UGS	AC0156-Cb	1
135	UGS	AC0158-Ca	0
136	UGS	AC0158-Cb	0
103	UGS	AC0159-Ca	1
122	UGS	AC0159-Cb	1
103	UGS	AC0160-Ca	1
124	UGS	AC0160-Cb	0
137	UGS	AC0161-Ca	0
103	UGS	AC0161-Cb	1
138	UGS	AC0162-Ca	0
103	UGS	AC0162-Cb	1
103	UGS	AC0163-Ca	1
104	UGS	AC0163-Cb	0
104	UGS	AC0164-Ca	0
103	UGS	AC0164-Cb	1
103	UGS	AC0166-Ca	1
103	UGS	AC0166-Cb	1
104	UGS	AC0167-Ca	0
103	UGS	AC0167-Cb	1
103	UGS	AC0168-Ca	1
103	UGS	AC0168-Cb	1
104	UGS	AC0169-Ca	0
139	UGS	AC0169-Cb	0
140	UGS	AC0170-Ca	0
103	UGS	AC0170-Cb	1
103	UGS	AC0171-Ca	1
103	UGS	AC0171-Cb	1
103	UGS	AC0172-Ca	1
103	UGS	AC0172-Cb	1
103	UGS	AC0173-Ca	1
103	UGS	AC0173-Cb	1
103	UGS	AC0174-Ca	1
137	UGS	AC0174-Cb	0
103	UGS	AC0176-Ca	1
124	UGS	AC0176-Cb	0
113	UGS	AC0178-Ca	0
104	UGS	AC0178-Cb	0
141	UGS	AC0179-Ca	0
124	UGS	AC0179-Cb	0
104	UGS	AC0180-Ca	0
103	UGS	AC0180-Cb	1
103	UGS	AC0181-Ca	1
103	UGS	AC0181-Cb	1
104	UGS	AC0182-Ca	0
142	UGS	AC0182-Cb	0
103	UGS	AC0183-Ca	1
103	UGS	AC0183-Cb	1
143	UGS	AC0184-Ca	0
103	UGS	AC0184-Cb	1
110	UGS	AC0186-Ca	0
103	UGS	AC0186-Cb	1
103	UGS	AC0187-Ca	1
103	UGS	AC0187-Cb	1
103	UGS	AC0188-Ca	1
104	UGS	AC0188-Cb	0
103	UGS	AC0189-Ca	1
104	UGS	AC0189-Cb	0
103	UGS	AC0190-Ca	1
103	UGS	AC0190-Cb	1
103	UGS	AC0191-Ca	1
103	UGS	AC0191-Cb	1
104	UGS	AC0192-Ca	0
110	UGS	AC0192-Cb	0
103	UGS	AC0193-Ca	1
103	UGS	AC0193-Cb	1
111	UGS	AC0194-Ca	0
103	UGS	AC0194-Cb	1
103	UGS	AC0195-Ca	1
104	UGS	AC0195-Cb	0
103	UGS	AC0196-Ca	1
144	UGS	AC0196-Cb	0
103	UGS	AC0197-Ca	1
103	UGS	AC0197-Cb	1
103	UGS	AC0199-Ca	1
103	UGS	AC0199-Cb	1
124	UGS	AC0200-Ca	0
122	UGS	AC0200-Cb	1
104	UGS	AC0201-Ca	0
103	UGS	AC0201-Cb	1
103	UGS	AC0202-Ca	1
112	UGS	AC0202-Cb	0
103	UGS	AC0203-Ca	1
122	UGS	AC0203-Cb	1
145	GWA	AJ0023-Ca	0
146	GWA	AJ0023-Cb	0
147	GWA	AJ0024-Ca	0
148	GWA	AJ0024-Cb	0
149	GWA	AJ0032-Ca	0
150	GWA	AJ0032-Cb	0
151	GWA	AJ0035-Ca	0
152	GWA	AJ0035-Cb	0
153	GWA	AJ0036-Ca	0
145	GWA	AJ0036-Cb	0
154	GWA	AJ0039-Ca	0
155	GWA	AJ0039-Cb	0
156	GWA	AJ0043-Ca	0
157	GWA	AJ0043-Cb	0
158	GWA	AJ0044-Ca	0
159	GWA	AJ0044-Cb	0
160	GWA	AJ0045-Ca	0
161	GWA	AJ0045-Cb	0
162	GWA	AJ0047-Ca	0
163	GWA	AJ0047-Cb	0
164	GWA	AJ0051-Ca	0
165	GWA	AJ0051-Cb	0
166	GWA	AJ0052-Ca	0
167	GWA	AJ0052-Cb	0
168	GWA	AJ0056-Ca	0
169	GWA	AJ0056-Cb	0
170	GWA	AJ0061-Ca	0
171	GWA	AJ0061-Cb	0
172	GWA	AJ0063-Ca	0
173	GWA	AJ0063-Cb	0
174	GWA	AJ0064-Ca	0
175	GWA	AJ0064-Cb	0
161	GWA	AJ0066-Ca	0
176	GWA	AJ0066-Cb	0
177	GWA	AJ0070-Ca	0
178	GWA	AJ0070-Cb	0
179	GWA	AJ0071-Ca	0
180	GWA	AJ0071-Cb	0
181	GWA	AJ0072-Ca	0
182	GWA	AJ0072-Cb	0
183	GWA	AJ0074-Ca	0
184	GWA	AJ0074-Cb	0
185	GWA	AJ0075-Ca	0
186	GWA	AJ0075-Cb	0
187	GWA	AJ0076-Ca	0
188	GWA	AJ0076-Cb	0
189	GWA	AJ0077-Ca	0
190	GWA	AJ0077-Cb	0
176	GWA	AJ0078-Ca	0
191	GWA	AJ0078-Cb	0
192	GWA	AJ0081-Ca	0
176	GWA	AJ0081-Cb	0
193	GWA	AJ0084-Ca	0
149	GWA	AJ0084-Cb	0
194	GWA	AJ0085-Ca	0
195	GWA	AJ0085-Cb	0
196	GWA	AJ0086-Ca	0
197	GWA	AJ0086-Cb	0
198	GWA	AJ0088-Ca	0
199	GWA	AJ0088-Cb	0
200	GWA	AJ0090-Ca	0
201	GWA	AJ0090-Cb	0
202	GWA	AJ0092-Ca	0
203	GWA	AJ0092-Cb	0
204	GWA	AJ0093-Ca	0
205	GWA	AJ0093-Cb	0
206	GWA	AJ0096-Ca	0
145	GWA	AJ0096-Cb	0
207	GWA	AJ0097-Ca	0
208	GWA	AJ0097-Cb	0
209	GWA	AJ0098-Ca	0
210	GWA	AJ0098-Cb	0
163	GWA	AJ0100-Ca	0
211	GWA	AJ0100-Cb	0
212	GWA	AJ0101-Ca	0
213	GWA	AJ0101-Cb	0
214	GWA	AJ0102-Ca	0
215	GWA	AJ0102-Cb	0
216	GWA	AJ0103-Ca	0
176	GWA	AJ0103-Cb	0
217	GWA	AJ0105-Ca	0
200	GWA	AJ0105-Cb	0
218	GWA	AJ0107-Ca	0
219	GWA	AJ0107-Cb	0
203	GWA	AJ0109-Ca	0
220	GWA	AJ0109-Cb	0
201	GWA	AJ0113-Ca	0
221	GWA	AJ0113-Cb	0
176	GWA	AJ0115-Ca	0
145	GWA	AJ0115-Cb	0
222	GWA	AJ0116-Ca	0
223	GWA	AJ0116-Cb	0
224	KES	AK0065-Ca	0
224	KES	AK0065-Cb	0
224	KES	AK0066-Ca	0
224	KES	AK0066-Cb	0
225	KES	AK0067-Ca	0
226	KES	AK0067-Cb	0
225	KES	AK0068-Ca	0
225	KES	AK0068-Cb	0
224	KES	AK0069-Ca	0
225	KES	AK0069-Cb	0
225	KES	AK0070-Ca	0
225	KES	AK0070-Cb	0
224	KES	AK0072-Ca	0
224	KES	AK0072-Cb	0
227	KES	AK0073-Ca	0
224	KES	AK0073-Cb	0
227	KES	AK0074-Ca	0
224	KES	AK0074-Cb	0
224	KES	AK0075-Ca	0
226	KES	AK0075-Cb	0
224	KES	AK0076-Ca	0
226	KES	AK0076-Cb	0
224	KES	AK0077-Ca	0
224	KES	AK0077-Cb	0
226	KES	AK0078-Ca	0
224	KES	AK0078-Cb	0
226	KES	AK0079-Ca	0
224	KES	AK0079-Cb	0
224	KES	AK0080-Ca	0
227	KES	AK0080-Cb	0
225	KES	AK0081-Ca	0
224	KES	AK0081-Cb	0
227	KES	AK0082-Ca	0
227	KES	AK0082-Cb	0
225	KES	AK0085-Ca	0
226	KES	AK0085-Cb	0
225	KES	AK0086-Ca	0
227	KES	AK0086-Cb	0
225	KES	AK0087-Ca	0
227	KES	AK0087-Cb	0
224	KES	AK0088-Ca	0
225	KES	AK0088-Cb	0
225	KES	AK0089-Ca	0
224	KES	AK0089-Cb	0
227	KES	AK0090-Ca	0
227	KES	AK0090-Cb	0
227	KES	AK0091-Ca	0
227	KES	AK0091-Cb	0
224	KES	AK0092-Ca	0
225	KES	AK0092-Cb	0
224	KES	AK0093-Ca	0
226	KES	AK0093-Cb	0
227	KES	AK0094-Ca	0
227	KES	AK0094-Cb	0
226	KES	AK0095-Ca	0
225	KES	AK0095-Cb	0
225	KES	AK0096-Ca	0
226	KES	AK0096-Cb	0
225	KES	AK0098-Ca	0
226	KES	AK0098-Cb	0
227	KES	AK0099-Ca	0
227	KES	AK0099-Cb	0
225	KES	AK0100-Ca	0
225	KES	AK0100-Cb	0
224	KES	AK0101-Ca	0
227	KES	AK0101-Cb	0
224	KES	AK0102-Ca	0
224	KES	AK0102-Cb	0
227	KES	AK0103-Ca	0
228	KES	AK0103-Cb	0
225	KES	AK0104-Ca	0
226	KES	AK0104-Cb	0
225	KES	AK0105-Ca	0
225	KES	AK0105-Cb	0
225	KES	AK0106-Ca	0
224	KES	AK0106-Cb	0
227	KES	AK0108-Ca	0
225	KES	AK0108-Cb	0
227	KES	AK0109-Ca	0
227	KES	AK0109-Cb	0
225	KES	AK0110-Ca	0
225	KES	AK0110-Cb	0
226	KES	AK0116-Ca	0
224	KES	AK0116-Cb	0
229	KES	AK0119-Ca	0
230	KES	AK0119-Cb	0
225	KES	AK0127-Ca	0
227	KES	AK0127-Cb	0
231	CMS	AN0007-Ca	0
232	CMS	AN0007-Cb	0
233	CMS	AN0008-Ca	0
231	CMS	AN0008-Cb	0
231	CMS	AN0009-Ca	0
234	CMS	AN0009-Cb	0
233	CMS	AN0010-Ca	0
235	CMS	AN0010-Cb	0
233	CMS	AN0011-Ca	0
236	CMS	AN0011-Cb	0
237	CMS	AN0012-Ca	0
238	CMS	AN0012-Cb	0
239	CMS	AN0014-Ca	0
236	CMS	AN0014-Cb	0
240	CMS	AN0016-Ca	0
233	CMS	AN0016-Cb	0
236	CMS	AN0017-Ca	0
233	CMS	AN0017-Cb	0
233	CMS	AN0018-Ca	0
233	CMS	AN0018-Cb	0
241	CMS	AN0019-Ca	0
233	CMS	AN0019-Cb	0
242	CMS	AN0020-Ca	0
243	CMS	AN0020-Cb	0
233	CMS	AN0022-Ca	0
236	CMS	AN0022-Cb	0
231	CMS	AN0023-Ca	0
233	CMS	AN0023-Cb	0
233	CMS	AN0024-Ca	0
233	CMS	AN0024-Cb	0
233	CMS	AN0025-Ca	0
231	CMS	AN0025-Cb	0
244	CMS	AN0026-Ca	0
245	CMS	AN0026-Cb	0
246	CMS	AN0027-Ca	0
247	CMS	AN0027-Cb	0
248	CMS	AN0028-Ca	0
249	CMS	AN0028-Cb	0
231	CMS	AN0029-Ca	0
233	CMS	AN0029-Cb	0
110	CMS	AN0030-Ca	0
233	CMS	AN0030-Cb	0
250	CMS	AN0031-Ca	0
251	CMS	AN0031-Cb	0
252	CMS	AN0032-Ca	0
253	CMS	AN0032-Cb	0
254	CMS	AN0033-Ca	0
255	CMS	AN0033-Cb	0
231	CMS	AN0034-Ca	0
233	CMS	AN0034-Cb	0
233	CMS	AN0035-Ca	0
231	CMS	AN0035-Cb	0
233	CMS	AN0036-Ca	0
233	CMS	AN0036-Cb	0
256	CMS	AN0037-Ca	0
233	CMS	AN0037-Cb	0
257	CMS	AN0038-Ca	0
258	CMS	AN0038-Cb	0
233	CMS	AN0039-Ca	0
259	CMS	AN0039-Cb	0
260	CMS	AN0040-Ca	0
231	CMS	AN0040-Cb	0
261	CMS	AN0041-Ca	0
233	CMS	AN0041-Cb	0
233	CMS	AN0042-Ca	0
262	CMS	AN0042-Cb	0
263	CMS	AN0043-Ca	0
264	CMS	AN0043-Cb	0
265	CMS	AN0045-Ca	0
266	CMS	AN0045-Cb	0
267	CMS	AN0046-Ca	0
268	CMS	AN0046-Cb	0
231	CMS	AN0047-Ca	0
233	CMS	AN0047-Cb	0
236	CMS	AN0048-Ca	0
233	CMS	AN0048-Cb	0
233	CMS	AN0049-Ca	0
233	CMS	AN0049-Cb	0
233	CMS	AN0050-Ca	0
236	CMS	AN0050-Cb	0
233	CMS	AN0051-Ca	0
236	CMS	AN0051-Cb	0
233	CMS	AN0053-Ca	0
231	CMS	AN0053-Cb	0
233	CMS	AN0054-Ca	0
231	CMS	AN0054-Cb	0
269	CMS	AN0055-Ca	0
27	CMS	AN0055-Cb	0
270	CMS	AN0056-Ca	0
271	CMS	AN0056-Cb	0
272	CMS	AN0057-Ca	0
273	CMS	AN0057-Cb	0
274	CMS	AN0058-Ca	0
275	CMS	AN0058-Cb	0
233	CMS	AN0059-Ca	0
233	CMS	AN0059-Cb	0
233	CMS	AN0060-Ca	0
236	CMS	AN0060-Cb	0
27	CMS	AN0063-Ca	0
276	CMS	AN0063-Cb	0
231	CMS	AN0064-Ca	0
233	CMS	AN0064-Cb	0
277	CMS	AN0065-Ca	0
233	CMS	AN0065-Cb	0
278	CMS	AN0066-Ca	0
279	CMS	AN0066-Cb	0
280	CMS	AN0067-Ca	0
281	CMS	AN0067-Cb	0
231	CMS	AN0068-Ca	0
282	CMS	AN0068-Cb	0
283	CMS	AN0069-Ca	0
284	CMS	AN0069-Cb	0
285	CMS	AN0070-Ca	0
286	CMS	AN0070-Cb	0
38	CMS	AN0071-Ca	0
38	CMS	AN0071-Cb	0
231	CMS	AN0072-Ca	0
287	CMS	AN0072-Cb	0
288	CMS	AN0073-Ca	0
289	CMS	AN0073-Cb	0
236	CMS	AN0074-Ca	0
290	CMS	AN0074-Cb	0
291	CMS	AN0075-Ca	0
292	CMS	AN0075-Cb	0
293	CMS	AN0076-Ca	0
294	CMS	AN0076-Cb	0
295	CMS	AN0077-Ca	0
296	CMS	AN0077-Cb	0
297	CMS	AN0079-Ca	0
231	CMS	AN0079-Cb	0
298	CMS	AN0080-Ca	0
299	CMS	AN0080-Cb	0
233	CMS	AN0081-Ca	0
233	CMS	AN0081-Cb	0
300	CMS	AN0082-Ca	0
233	CMS	AN0082-Cb	0
301	CMS	AN0083-Ca	0
302	CMS	AN0083-Cb	0
233	CMS	AN0084-Ca	0
231	CMS	AN0084-Cb	0
231	CMS	AN0085-Ca	0
236	CMS	AN0085-Cb	0
303	CMS	AN0086-Ca	0
304	CMS	AN0086-Cb	0
305	CMS	AN0087-Ca	0
306	CMS	AN0087-Cb	0
231	CMS	AN0088-Ca	0
231	CMS	AN0088-Cb	0
233	CMS	AN0089-Ca	0
307	CMS	AN0089-Cb	0
233	CMS	AN0090-Ca	0
233	CMS	AN0090-Cb	0
233	CMS	AN0091-Ca	0
308	CMS	AN0091-Cb	0
309	CMS	AN0092-Ca	0
310	CMS	AN0092-Cb	0
311	CMS	AN0093-Ca	0
312	CMS	AN0093-Cb	0
313	CMS	AN0094-Ca	0
314	CMS	AN0094-Cb	0
231	CMS	AN0095-Ca	0
315	CMS	AN0095-Cb	0
231	CMS	AN0096-Ca	0
231	CMS	AN0096-Cb	0
316	CMS	AN0097-Ca	0
317	CMS	AN0097-Cb	0
318	CMS	AN0098-Ca	0
233	CMS	AN0098-Cb	0
233	CMS	AN0099-Ca	0
231	CMS	AN0099-Cb	0
319	CMS	AN0100-Ca	0
320	CMS	AN0100-Cb	0
321	CMS	AN0101-Ca	0
322	CMS	AN0101-Cb	0
233	CMS	AN0102-Ca	0
27	CMS	AN0102-Cb	0
233	CMS	AN0103-Ca	0
233	CMS	AN0103-Cb	0
233	CMS	AN0104-Ca	0
236	CMS	AN0104-Cb	0
323	CMS	AN0105-Ca	0
324	CMS	AN0105-Cb	0
325	CMS	AN0106-Ca	0
233	CMS	AN0106-Cb	0
326	CMS	AN0107-Ca	0
231	CMS	AN0107-Cb	0
327	CMS	AN0108-Ca	0
328	CMS	AN0108-Cb	0
329	CMS	AN0109-Ca	0
330	CMS	AN0109-Cb	0
233	CMS	AN0111-Ca	0
231	CMS	AN0111-Cb	0
331	CMS	AN0112-Ca	0
332	CMS	AN0112-Cb	0
333	CMS	AN0113-Ca	0
334	CMS	AN0113-Cb	0
335	CMS	AN0114-Ca	0
336	CMS	AN0114-Cb	0
337	CMS	AN0115-Ca	0
338	CMS	AN0115-Cb	0
236	CMS	AN0117-Ca	0
295	CMS	AN0117-Cb	0
233	CMS	AN0120-Ca	0
231	CMS	AN0120-Cb	0
339	CMS	AN0121-Ca	0
233	CMS	AN0121-Cb	0
233	CMS	AN0122-Ca	0
231	CMS	AN0122-Cb	0
231	CMS	AN0123-Ca	0
340	CMS	AN0123-Cb	0
233	CMS	AN0124-Ca	0
233	CMS	AN0124-Cb	0
341	CMS	AN0125-Ca	0
342	CMS	AN0125-Cb	0
233	CMS	AN0126-Ca	0
343	CMS	AN0126-Cb	0
344	CMS	AN0127-Ca	0
241	CMS	AN0127-Cb	0
233	CMS	AN0128-Ca	0
233	CMS	AN0128-Cb	0
231	CMS	AN0129-Ca	0
345	CMS	AN0129-Cb	0
231	CMS	AN0130-Ca	0
233	CMS	AN0130-Cb	0
346	CMS	AN0131-Ca	0
347	CMS	AN0131-Cb	0
348	CMS	AN0132-Ca	0
349	CMS	AN0132-Cb	0
350	CMS	AN0134-Ca	0
351	CMS	AN0134-Cb	0
352	CMS	AN0135-Ca	0
30	CMS	AN0135-Cb	0
233	CMS	AN0136-Ca	0
231	CMS	AN0136-Cb	0
353	CMS	AN0137-Ca	0
233	CMS	AN0137-Cb	0
231	CMS	AN0138-Ca	0
233	CMS	AN0138-Cb	0
233	CMS	AN0139-Ca	0
233	CMS	AN0139-Cb	0
233	CMS	AN0140-Ca	0
241	CMS	AN0140-Cb	0
233	CMS	AN0141-Ca	0
233	CMS	AN0141-Cb	0
354	CMS	AN0143-Ca	0
355	CMS	AN0143-Cb	0
231	CMS	AN0147-Ca	0
231	CMS	AN0147-Cb	0
356	CMS	AN0149-Ca	0
236	CMS	AN0149-Cb	0
233	CMS	AN0151-Ca	0
233	CMS	AN0151-Cb	0
233	CMS	AN0152-Ca	0
233	CMS	AN0152-Cb	0
236	CMS	AN0153-Ca	0
233	CMS	AN0153-Cb	0
233	CMS	AN0154-Ca	0
231	CMS	AN0154-Cb	0
231	CMS	AN0155-Ca	0
231	CMS	AN0155-Cb	0
233	CMS	AN0156-Ca	0
233	CMS	AN0156-Cb	0
233	CMS	AN0157-Ca	0
233	CMS	AN0157-Cb	0
27	CMS	AN0158-Ca	0
233	CMS	AN0158-Cb	0
357	CMS	AN0159-Ca	0
358	CMS	AN0159-Cb	0
359	CMS	AN0160-Ca	0
360	CMS	AN0160-Cb	0
233	CMS	AN0162-Ca	0
233	CMS	AN0162-Cb	0
231	CMS	AN0163-Ca	0
231	CMS	AN0163-Cb	0
231	CMS	AN0164-Ca	0
231	CMS	AN0164-Cb	0
233	CMS	AN0165-Ca	0
233	CMS	AN0165-Cb	0
361	CMS	AN0166-Ca	0
233	CMS	AN0166-Cb	0
241	CMS	AN0167-Ca	0
362	CMS	AN0167-Cb	0
231	CMS	AN0168-Ca	0
233	CMS	AN0168-Cb	0
243	CMS	AN0169-Ca	0
236	CMS	AN0169-Cb	0
363	CMS	AN0170-Ca	0
364	CMS	AN0170-Cb	0
365	CMS	AN0171-Ca	0
233	CMS	AN0171-Cb	0
366	CMS	AN0172-Ca	0
367	CMS	AN0172-Cb	0
368	CMS	AN0173-Ca	0
231	CMS	AN0173-Cb	0
343	CMS	AN0174-Ca	0
236	CMS	AN0174-Cb	0
233	CMS	AN0175-Ca	0
231	CMS	AN0175-Cb	0
233	CMS	AN0176-Ca	0
233	CMS	AN0176-Cb	0
369	CMS	AN0177-Ca	0
370	CMS	AN0177-Cb	0
231	CMS	AN0178-Ca	0
236	CMS	AN0178-Cb	0
233	CMS	AN0179-Ca	0
231	CMS	AN0179-Cb	0
233	CMS	AN0180-Ca	0
371	CMS	AN0180-Cb	0
231	CMS	AN0181-Ca	0
353	CMS	AN0181-Cb	0
231	CMS	AN0182-Ca	0
233	CMS	AN0182-Cb	0
372	CMS	AN0183-Ca	0
373	CMS	AN0183-Cb	0
233	CMS	AN0184-Ca	0
233	CMS	AN0184-Cb	0
233	CMS	AN0185-Ca	0
231	CMS	AN0185-Cb	0
238	CMS	AN0186-Ca	0
232	CMS	AN0186-Cb	0
233	CMS	AN0187-Ca	0
231	CMS	AN0187-Cb	0
233	CMS	AN0188-Ca	0
231	CMS	AN0188-Cb	0
233	CMS	AN0189-Ca	0
231	CMS	AN0189-Cb	0
374	CMS	AN0190-Ca	0
375	CMS	AN0190-Cb	0
27	CMS	AN0191-Ca	0
231	CMS	AN0191-Cb	0
231	CMS	AN0192-Ca	0
27	CMS	AN0192-Cb	0
231	CMS	AN0193-Ca	0
231	CMS	AN0193-Cb	0
233	CMS	AN0194-Ca	0
231	CMS	AN0194-Cb	0
233	CMS	AN0196-Ca	0
233	CMS	AN0196-Cb	0
353	CMS	AN0197-Ca	0
233	CMS	AN0197-Cb	0
376	CMS	AN0198-Ca	0
377	CMS	AN0198-Cb	0
378	CMS	AN0199-Ca	0
379	CMS	AN0199-Cb	0
380	CMS	AN0200-Ca	0
381	CMS	AN0200-Cb	0
382	CMS	AN0201-Ca	0
383	CMS	AN0201-Cb	0
231	CMS	AN0202-Ca	0
231	CMS	AN0202-Cb	0
233	CMS	AN0203-Ca	0
231	CMS	AN0203-Cb	0
384	CMS	AN0204-Ca	0
385	CMS	AN0204-Cb	0
27	CMS	AN0205-Ca	0
231	CMS	AN0205-Cb	0
233	CMS	AN0206-Ca	0
261	CMS	AN0206-Cb	0
27	CMS	AN0207-Ca	0
233	CMS	AN0207-Cb	0
231	CMS	AN0208-Ca	0
236	CMS	AN0208-Cb	0
386	CMS	AN0209-Ca	0
387	CMS	AN0209-Cb	0
233	CMS	AN0210-Ca	0
231	CMS	AN0210-Cb	0
353	CMS	AN0212-Ca	0
388	CMS	AN0212-Cb	0
231	CMS	AN0213-Ca	0
389	CMS	AN0213-Cb	0
390	CMS	AN0214-Ca	0
391	CMS	AN0214-Cb	0
392	CMS	AN0215-Ca	0
231	CMS	AN0215-Cb	0
231	CMS	AN0217-Ca	0
233	CMS	AN0217-Cb	0
393	CMS	AN0218-Ca	0
394	CMS	AN0218-Cb	0
231	CMS	AN0219-Ca	0
395	CMS	AN0219-Cb	0
396	CMS	AN0220-Ca	0
397	CMS	AN0220-Cb	0
236	CMS	AN0221-Ca	0
233	CMS	AN0221-Cb	0
231	CMS	AN0222-Ca	0
231	CMS	AN0222-Cb	0
398	CMS	AN0223-Ca	0
231	CMS	AN0223-Cb	0
399	CMS	AN0224-Ca	0
231	CMS	AN0224-Cb	0
400	CMS	AN0225-Ca	0
401	CMS	AN0225-Cb	0
402	CMS	AN0226-Ca	0
403	CMS	AN0226-Cb	0
404	CMS	AN0227-Ca	0
233	CMS	AN0227-Cb	0
261	CMS	AN0228-Ca	0
231	CMS	AN0228-Cb	0
233	CMS	AN0229-Ca	0
233	CMS	AN0229-Cb	0
231	CMS	AN0230-Ca	0
231	CMS	AN0230-Cb	0
236	CMS	AN0231-Ca	0
233	CMS	AN0231-Cb	0
405	CMS	AN0233-Ca	0
406	CMS	AN0233-Cb	0
407	CMS	AN0234-Ca	0
408	CMS	AN0234-Cb	0
409	CMS	AN0235-Ca	0
231	CMS	AN0235-Cb	0
233	CMS	AN0236-Ca	0
410	CMS	AN0236-Cb	0
411	CMS	AN0237-Ca	0
412	CMS	AN0237-Cb	0
233	CMS	AN0238-Ca	0
413	CMS	AN0238-Cb	0
233	CMS	AN0239-Ca	0
414	CMS	AN0239-Cb	0
415	CMS	AN0240-Ca	0
231	CMS	AN0240-Cb	0
416	CMS	AN0241-Ca	0
231	CMS	AN0241-Cb	0
231	CMS	AN0242-Ca	0
231	CMS	AN0242-Cb	0
417	CMS	AN0243-Ca	0
233	CMS	AN0243-Cb	0
236	CMS	AN0244-Ca	0
418	CMS	AN0244-Cb	0
419	CMS	AN0245-Ca	0
420	CMS	AN0245-Cb	0
421	CMS	AN0246-Ca	0
422	CMS	AN0246-Cb	0
423	CMS	AN0247-Ca	0
233	CMS	AN0247-Cb	0
424	CMS	AN0248-Ca	0
425	CMS	AN0248-Cb	0
426	CMS	AN0250-Ca	0
427	CMS	AN0250-Cb	0
231	CMS	AN0251-Ca	0
233	CMS	AN0251-Cb	0
428	CMS	AN0252-Ca	0
429	CMS	AN0252-Cb	0
430	CMS	AN0253-Ca	0
431	CMS	AN0253-Cb	0
233	CMS	AN0254-Ca	0
233	CMS	AN0254-Cb	0
236	CMS	AN0255-Ca	0
432	CMS	AN0255-Cb	0
433	CMS	AN0256-Ca	0
231	CMS	AN0256-Cb	0
434	CMS	AN0258-Ca	0
435	CMS	AN0258-Cb	0
398	CMS	AN0259-Ca	0
436	CMS	AN0259-Cb	0
437	CMS	AN0260-Ca	0
438	CMS	AN0260-Cb	0
233	CMS	AN0261-Ca	0
231	CMS	AN0261-Cb	0
236	CMS	AN0262-Ca	0
233	CMS	AN0262-Cb	0
233	CMS	AN0263-Ca	0
231	CMS	AN0263-Cb	0
231	CMS	AN0264-Ca	0
233	CMS	AN0264-Cb	0
233	CMS	AN0266-Ca	0
233	CMS	AN0266-Cb	0
439	CMS	AN0267-Ca	0
440	CMS	AN0267-Cb	0
433	CMS	AN0268-Ca	0
231	CMS	AN0268-Cb	0
441	CMS	AN0269-Ca	0
442	CMS	AN0269-Cb	0
231	CMS	AN0270-Ca	0
233	CMS	AN0270-Cb	0
443	CMS	AN0272-Ca	0
444	CMS	AN0272-Cb	0
445	CMS	AN0275-Ca	0
231	CMS	AN0275-Cb	0
233	CMS	AN0276-Ca	0
233	CMS	AN0276-Cb	0
233	CMS	AN0277-Ca	0
233	CMS	AN0277-Cb	0
446	CMS	AN0280-Ca	0
447	CMS	AN0280-Cb	0
448	CMS	AN0282-Ca	0
449	CMS	AN0282-Cb	0
233	CMS	AN0283-Ca	0
450	CMS	AN0283-Cb	0
451	CMS	AN0284-Ca	0
452	CMS	AN0284-Cb	0
453	CMS	AN0285-Ca	0
454	CMS	AN0285-Cb	0
233	CMS	AN0286-Ca	0
233	CMS	AN0286-Cb	0
233	CMS	AN0287-Ca	0
233	CMS	AN0287-Cb	0
233	CMS	AN0288-Ca	0
233	CMS	AN0288-Cb	0
236	CMS	AN0290-Ca	0
233	CMS	AN0290-Cb	0
455	CMS	AN0291-Ca	0
456	CMS	AN0291-Cb	0
457	CMS	AN0292-Ca	0
458	CMS	AN0292-Cb	0
233	CMS	AN0294-Ca	0
233	CMS	AN0294-Cb	0
233	CMS	AN0295-Ca	0
231	CMS	AN0295-Cb	0
459	CMS	AN0296-Ca	0
460	CMS	AN0296-Cb	0
236	CMS	AN0297-Ca	0
233	CMS	AN0297-Cb	0
231	CMS	AN0298-Ca	0
231	CMS	AN0298-Cb	0
287	CMS	AN0299-Ca	0
461	CMS	AN0299-Cb	0
231	CMS	AN0300-Ca	0
236	CMS	AN0300-Cb	0
462	CMS	AN0301-Ca	0
463	CMS	AN0301-Cb	0
236	CMS	AN0303-Ca	0
233	CMS	AN0303-Cb	0
464	CMS	AN0304-Ca	0
231	CMS	AN0304-Cb	0
233	CMS	AN0305-Ca	0
433	CMS	AN0305-Cb	0
465	CMS	AN0307-Ca	0
466	CMS	AN0307-Cb	0
233	CMS	AN0308-Ca	0
467	CMS	AN0308-Cb	0
233	CMS	AN0309-Ca	0
233	CMS	AN0309-Cb	0
233	CMS	AN0310-Ca	0
233	CMS	AN0310-Cb	0
233	CMS	AN0312-Ca	0
233	CMS	AN0312-Cb	0
231	CMS	AN0313-Ca	0
233	CMS	AN0313-Cb	0
233	CMS	AN0314-Ca	0
233	CMS	AN0314-Cb	0
468	CMS	AN0315-Ca	0
469	CMS	AN0315-Cb	0
470	CMS	AN0317-Ca	0
471	CMS	AN0317-Cb	0
233	CMS	AN0318-Ca	0
472	CMS	AN0318-Cb	0
473	CMS	AN0319-Ca	0
474	CMS	AN0319-Cb	0
475	CMS	AN0321-Ca	0
476	CMS	AN0321-Cb	0
477	AOM	AR0007-Ca	0
478	AOM	AR0007-Cb	0
479	AOM	AR0008-Ca	0
480	AOM	AR0008-Cb	0
477	AOM	AR0009-Ca	0
477	AOM	AR0009-Cb	0
480	AOM	AR0010-Ca	0
480	AOM	AR0010-Cb	0
481	AOM	AR0011-Ca	0
482	AOM	AR0011-Cb	0
480	AOM	AR0012-Ca	0
480	AOM	AR0012-Cb	0
483	AOM	AR0014-Ca	0
484	AOM	AR0014-Cb	0
477	AOM	AR0015-Ca	0
477	AOM	AR0015-Cb	0
480	AOM	AR0017-Ca	0
485	AOM	AR0017-Cb	0
480	AOM	AR0019-Ca	0
486	AOM	AR0019-Cb	0
480	AOM	AR0020-Ca	0
487	AOM	AR0020-Cb	0
477	AOM	AR0021-Ca	0
479	AOM	AR0021-Cb	0
480	AOM	AR0022-Ca	0
488	AOM	AR0022-Cb	0
489	AOM	AR0023-Ca	0
490	AOM	AR0023-Cb	0
491	AOM	AR0024-Ca	0
492	AOM	AR0024-Cb	0
493	AOM	AR0026-Ca	0
494	AOM	AR0026-Cb	0
495	AOM	AR0027-Ca	0
477	AOM	AR0027-Cb	0
489	AOM	AR0034-Ca	0
477	AOM	AR0034-Cb	0
480	AOM	AR0035-Ca	0
477	AOM	AR0035-Cb	0
496	AOM	AR0042-Ca	0
477	AOM	AR0042-Cb	0
480	AOM	AR0043-Ca	0
497	AOM	AR0043-Cb	0
477	AOM	AR0045-Ca	0
480	AOM	AR0045-Cb	0
498	AOM	AR0047-Ca	0
499	AOM	AR0047-Cb	0
477	AOM	AR0049-Ca	0
477	AOM	AR0049-Cb	0
477	AOM	AR0050-Ca	0
477	AOM	AR0050-Cb	0
477	AOM	AR0051-Ca	0
500	AOM	AR0051-Cb	0
501	AOM	AR0053-Ca	0
477	AOM	AR0053-Cb	0
485	AOM	AR0054-Ca	0
477	AOM	AR0054-Cb	0
477	AOM	AR0057-Ca	0
480	AOM	AR0057-Cb	0
477	AOM	AR0059-Ca	0
490	AOM	AR0059-Cb	0
477	AOM	AR0061-Ca	0
502	AOM	AR0061-Cb	0
479	AOM	AR0062-Ca	0
503	AOM	AR0062-Cb	0
504	AOM	AR0063-Ca	0
480	AOM	AR0063-Cb	0
505	AOM	AR0065-Ca	0
480	AOM	AR0065-Cb	0
506	AOM	AR0066-Ca	0
480	AOM	AR0066-Cb	0
477	AOM	AR0069-Ca	0
480	AOM	AR0069-Cb	0
477	AOM	AR0070-Ca	0
477	AOM	AR0070-Cb	0
489	AOM	AR0071-Ca	0
507	AOM	AR0071-Cb	0
480	AOM	AR0072-Ca	0
480	AOM	AR0072-Cb	0
508	AOM	AR0073-Ca	0
480	AOM	AR0073-Cb	0
477	AOM	AR0074-Ca	0
480	AOM	AR0074-Cb	0
486	AOM	AR0075-Ca	0
477	AOM	AR0075-Cb	0
509	AOM	AR0076-Ca	0
510	AOM	AR0076-Cb	0
496	AOM	AR0078-Ca	0
511	AOM	AR0078-Cb	0
512	AOM	AR0079-Ca	0
513	AOM	AR0079-Cb	0
514	AOM	AR0080-Ca	0
491	AOM	AR0080-Cb	0
515	AOM	AR0081-Ca	0
477	AOM	AR0081-Cb	0
477	AOM	AR0083-Ca	0
479	AOM	AR0083-Cb	0
516	AOM	AR0084-Ca	0
490	AOM	AR0084-Cb	0
486	AOM	AR0086-Ca	0
477	AOM	AR0086-Cb	0
485	AOM	AR0087-Ca	0
480	AOM	AR0087-Cb	0
480	AOM	AR0089-Ca	0
480	AOM	AR0089-Cb	0
503	AOM	AR0090-Ca	0
480	AOM	AR0090-Cb	0
517	AOM	AR0092-Ca	0
518	AOM	AR0092-Cb	0
477	AOM	AR0093-Ca	0
480	AOM	AR0093-Cb	0
480	AOM	AR0095-Ca	0
477	AOM	AR0095-Cb	0
480	AOM	AR0096-Ca	0
477	AOM	AR0096-Cb	0
519	AOM	AR0098-Ca	0
477	AOM	AR0098-Cb	0
520	AOM	AR0099-Ca	0
477	AOM	AR0099-Cb	0
477	AOM	AR0100-Ca	0
479	AOM	AR0100-Cb	0
521	GAS	AS0001-Ca	0
522	GAS	AS0001-Cb	0
523	GAS	AS0002-Ca	0
297	GAS	AS0002-Cb	0
522	GAS	AS0003-Ca	0
297	GAS	AS0003-Cb	0
523	GAS	AS0004-Ca	0
524	GAS	AS0004-Cb	0
522	GAS	AS0006-Ca	0
521	GAS	AS0006-Cb	0
525	GAS	AS0007-Ca	0
524	GAS	AS0007-Cb	0
297	GAS	AS0008-Ca	0
526	GAS	AS0008-Cb	0
522	GAS	AS0009-Ca	0
525	GAS	AS0009-Cb	0
527	GAS	AS0010-Ca	0
528	GAS	AS0010-Cb	0
529	GAS	AS0011-Ca	0
530	GAS	AS0011-Cb	0
528	GAS	AS0012-Ca	0
531	GAS	AS0012-Cb	0
532	GAS	AS0013-Ca	0
533	GAS	AS0013-Cb	0
534	GAS	AS0014-Ca	0
535	GAS	AS0014-Cb	0
536	GAS	AS0015-Ca	0
521	GAS	AS0015-Cb	0
521	GAS	AS0016-Ca	0
522	GAS	AS0016-Cb	0
297	GAS	AS0017-Ca	0
523	GAS	AS0017-Cb	0
521	GAS	AS0018-Ca	0
521	GAS	AS0018-Cb	0
521	GAS	AS0019-Ca	0
297	GAS	AS0019-Cb	0
521	GAS	AS0020-Ca	0
537	GAS	AS0020-Cb	0
297	GAS	AS0021-Ca	0
538	GAS	AS0021-Cb	0
539	GAS	AS0022-Ca	0
540	GAS	AS0022-Cb	0
541	GAS	AS0024-Ca	0
542	GAS	AS0024-Cb	0
521	GAS	AS0026-Ca	0
543	GAS	AS0026-Cb	0
544	GAS	AS0028-Ca	0
418	GAS	AS0028-Cb	0
521	GAS	AS0030-Ca	0
525	GAS	AS0030-Cb	0
297	GAS	AS0032-Ca	0
521	GAS	AS0032-Cb	0
545	GAS	AS0033-Ca	0
521	GAS	AS0033-Cb	0
343	GAS	AS0034-Ca	0
343	GAS	AS0034-Cb	0
546	GAS	AS0035-Ca	0
521	GAS	AS0035-Cb	0
521	GAS	AS0036-Ca	0
521	GAS	AS0036-Cb	0
536	GAS	AS0037-Ca	0
547	GAS	AS0037-Cb	0
548	GAS	AS0039-Ca	0
297	GAS	AS0039-Cb	0
549	GAS	AS0042-Ca	0
418	GAS	AS0042-Cb	0
343	GAS	AS0044-Ca	0
297	GAS	AS0044-Cb	0
543	GAS	AS0045-Ca	0
521	GAS	AS0045-Cb	0
550	GAS	AS0047-Ca	0
522	GAS	AS0047-Cb	0
521	GAS	AS0049-Ca	0
522	GAS	AS0049-Cb	0
343	GAS	AS0052-Ca	0
551	GAS	AS0052-Cb	0
418	GAS	AS0053-Ca	0
552	GAS	AS0053-Cb	0
553	GAS	AS0054-Ca	0
554	GAS	AS0054-Cb	0
521	GAS	AS0055-Ca	0
343	GAS	AS0055-Cb	0
521	GAS	AS0056-Ca	0
521	GAS	AS0056-Cb	0
521	GAS	AS0058-Ca	0
555	GAS	AS0058-Cb	0
528	GAS	AS0059-Ca	0
556	GAS	AS0059-Cb	0
418	GAS	AS0064-Ca	0
524	GAS	AS0064-Cb	0
343	GAS	AS0065-Ca	0
297	GAS	AS0065-Cb	0
297	GAS	AS0066-Ca	0
521	GAS	AS0066-Cb	0
557	GAS	AS0068-Ca	0
343	GAS	AS0068-Cb	0
522	GAS	AS0069-Ca	0
343	GAS	AS0069-Cb	0
521	GAS	AS0070-Ca	0
548	GAS	AS0070-Cb	0
297	GAS	AS0071-Ca	0
546	GAS	AS0071-Cb	0
525	GAS	AS0072-Ca	0
548	GAS	AS0072-Cb	0
521	GAS	AS0073-Ca	0
546	GAS	AS0073-Cb	0
528	GAS	AS0074-Ca	0
529	GAS	AS0074-Cb	0
528	GAS	AS0076-Ca	0
548	GAS	AS0076-Cb	0
522	GAS	AS0077-Ca	0
297	GAS	AS0077-Cb	0
27	GNS	AV0001-Ca	0
558	GNS	AV0001-Cb	0
28	GNS	AV0002-Ca	0
38	GNS	AV0002-Cb	0
38	GNS	AV0003-Ca	0
28	GNS	AV0003-Cb	0
38	GNS	AV0004-Ca	0
27	GNS	AV0004-Cb	0
38	GNS	AV0005-Ca	0
559	GNS	AV0005-Cb	0
560	GNS	AV0007-Ca	0
561	GNS	AV0007-Cb	0
65	GNS	AV0008-Ca	0
562	GNS	AV0008-Cb	0
563	GNS	AV0009-Ca	0
564	GNS	AV0009-Cb	0
0	GNS	AV0010-Ca	0
28	GNS	AV0010-Cb	0
32	GNS	AV0011-Ca	0
38	GNS	AV0011-Cb	0
565	GNS	AV0012-Ca	0
566	GNS	AV0012-Cb	0
0	GNS	AV0013-Ca	0
567	GNS	AV0013-Cb	0
0	GNS	AV0014-Ca	0
35	GNS	AV0014-Cb	0
38	GNS	AV0015-Ca	0
32	GNS	AV0015-Cb	0
568	GNS	AV0018-Ca	0
569	GNS	AV0018-Cb	0
38	GNS	AV0024-Ca	0
570	GNS	AV0024-Cb	0
571	GNS	AV0026-Ca	0
572	GNS	AV0026-Cb	0
573	GNS	AV0027-Ca	0
38	GNS	AV0027-Cb	0
35	GNS	AV0029-Ca	0
38	GNS	AV0029-Cb	0
0	GNS	AV0030-Ca	0
38	GNS	AV0030-Cb	0
82	GNS	AV0031-Ca	0
38	GNS	AV0031-Cb	0
0	GNS	AV0032-Ca	0
38	GNS	AV0032-Cb	0
574	GNS	AV0033-Ca	0
55	GNS	AV0033-Cb	0
575	GNS	AV0034-Ca	0
576	GNS	AV0034-Cb	0
38	GNS	AV0035-Ca	0
32	GNS	AV0035-Cb	0
577	GNS	AV0036-Ca	0
38	GNS	AV0036-Cb	0
0	GNS	AV0039-Ca	0
28	GNS	AV0039-Cb	0
38	GNS	AV0041-Ca	0
0	GNS	AV0041-Cb	0
38	GNS	AV0044-Ca	0
38	GNS	AV0044-Cb	0
38	GNS	AV0045-Ca	0
38	GNS	AV0045-Cb	0
0	GNS	AV0047-Ca	0
0	GNS	AV0047-Cb	0
